Name,Email,Job,Address,Company
Allison Hill,donaldgarcia@example.net,Sports administrator,"01338 Anna Stravenue Suite 379
Lisatown, WV 21427","Henderson, Ramirez and Lewis"
Ashley James,melanie94@example.org,Psychiatric nurse,"84959 Janet Cape Apt. 413
South Joshuastad, GA 49021",Clark-Adams
Maria Lynch,amandasanchez@example.com,Museum education officer,"503 Linda Locks
Carlshire, FM 94599",Lewis-Porter
Maria Thomas,johnhoffman@example.com,Television/film/video producer,"3287 Katelyn Wall Apt. 226
South Patrickmouth, NC 33454","Valencia, Smith and Le"
Kimberly Adams,daniel62@example.com,"Accountant, chartered certified","USNV Stanton
FPO AE 67043",Harrell LLC
Katie Gonzalez,kathryn88@example.org,Tour manager,"54303 Christopher Oval
Port Amandaberg, DC 86975",Arroyo-Martin
Lisa Brandt,jenniferross@example.net,Midwife,"33150 Brianna Avenue Apt. 031
Port Markhaven, IA 37001","Washington, Ryan and Cummings"
Laura Sanchez,maguirre@example.org,Chief Strategy Officer,"6701 Richard Junction Apt. 333
Taylorburgh, KY 61138",Baxter Inc
Scott Pierce,pearsonamber@example.org,Chief Financial Officer,"PSC 3267, Box 7360
APO AE 50173",Galloway LLC
Rachel Mitchell,smoore@example.org,Barrister,"500 Shaw Walk
North Susan, CO 24857",Larson Ltd
Jennifer David,bethwilliams@example.org,Personnel officer,"3534 Anderson Rue Suite 751
South Christineshire, CT 10103","Lewis, Baker and Mahoney"
Sherry Wood,samueldaniels@example.com,Veterinary surgeon,"Unit 8084 Box 1241
DPO AE 97811","Moore, Campbell and Clark"
Michael Farrell,dking@example.org,Pharmacologist,"52427 Hoffman Creek
Lake Rebeccaside, AZ 48894","Tran, Jordan and Williams"
Timothy Stanton,nolanjason@example.org,"Civil engineer, contracting","232 Nicole Burg Apt. 563
Erikville, MS 05576",Walker-Velasquez
Eric Pope,jeffreykeller@example.com,Land/geomatics surveyor,"5868 Crosby Crescent
Gregoryview, AZ 14709","Hamilton, Chandler and Edwards"
Kayla Cruz,jonathanfletcher@example.org,"Scientist, product/process development","PSC 8356, Box 1595
APO AP 16835","Mccullough, Hunter and Estrada"
Michael Spencer,robertbentley@example.net,Ecologist,"8044 Russell Prairie Suite 777
New Thomas, MH 96964",Hopkins LLC
Mackenzie Rogers,emilywalker@example.org,Data processing manager,"9176 Jennifer Lights
Rossberg, SD 90629",Stafford Inc
Colleen Brock,pwilliams@example.org,"Programmer, multimedia","889 Dodson Mills Suite 872
Colebury, MP 84080",Cannon-Boyd
Denise Jones,jimmy55@example.net,Catering manager,"2316 Rivera Mountain
Brownchester, MS 77057","Smith, Gilmore and Johnston"
Tommy Evans,acastaneda@example.net,Sports coach,"3467 Paul Skyway
Ramseymouth, PW 17229","Ferguson, Meadows and Vargas"
Angela Patterson,qwhite@example.com,Land,"6464 Thomas Summit Apt. 531
Port Anthonybury, ID 03172","Hernandez, Martinez and Caldwell"
Claudia Lyons,gary91@example.org,Insurance risk surveyor,"9663 Brittany Village
North Heidi, ME 90188","Trujillo, Hogan and Knight"
Joseph Stanley,huntermatthew@example.com,Recruitment consultant,"726 Jessica Run Suite 987
Grahamshire, KY 42746",Rivas Inc
Jerry Christensen,frogers@example.com,"Education officer, environmental","5494 Zachary Field Apt. 367
Lake Thomas, VT 64833",Mcguire-Davis
Michael Torres,thomas85@example.com,Statistician,"4431 Leslie Summit Apt. 337
Jennyhaven, PA 37594",Wall LLC
Christopher Smith,joshuamccann@example.net,"Horticulturist, commercial","710 Harrison Mill
Jackton, KS 63117",Short Group
Kenneth Parks Jr.,christopher31@example.net,Pension scheme manager,"677 Dalton Meadow
Ashleyton, RI 97505",Meza and Sons
Deborah Miller,glennjones@example.org,Osteopath,"0344 Jones Fort Suite 936
New Jeffreyberg, PW 35317",Jones and Sons
Linda Holloway,scott74@example.net,Operational researcher,"USCGC Kim
FPO AP 05725",Navarro-Munoz
Darryl Craig,keyemily@example.com,Technical author,"8742 Walters Overpass
South Michaelmouth, MD 88336",Hodge LLC
Jon Bates,jcervantes@example.org,"Programme researcher, broadcasting/film/video","1680 Gutierrez Field Suite 977
East Josephberg, LA 57925","Washington, Johnson and Mccoy"
Michelle Collins,tranchristopher@example.org,"Psychologist, clinical","USNS Jimenez
FPO AP 38755","Thornton, Perry and Olson"
Jesus Thomas,sandraromero@example.org,Building control surveyor,"8404 Monroe Prairie Suite 278
Reedside, WV 71729",Gibson-Morris
Michael Armstrong,melissajenkins@example.com,Public librarian,"2702 Kane Well Suite 187
Lake Douglasberg, CA 62038",Morgan-Schwartz
Sarah Phelps,ofinley@example.net,Ranger/warden,"134 Julie Mews
Port Cynthiaville, NV 22306","Evans, Johnson and Nguyen"
Ian Jordan,amandaknight@example.org,"Doctor, hospital","379 Jesse Route Suite 740
Santanaside, GA 10182",Landry-Huerta
Victor Vaughn,mbruce@example.com,Radiation protection practitioner,"594 Johnson Village Suite 409
New Julieport, WI 30663","Pham, Robinson and Lee"
Perry Saunders,courtneyberger@example.net,Archaeologist,"95214 Burgess Extensions Apt. 285
Mariaview, PW 63657",Francis-Morgan
Victor Taylor,michelleramsey@example.com,"Surveyor, hydrographic","48175 Richards View Suite 137
New Nicoleside, MD 80465",Holland Ltd
Susan Turner,cwilson@example.org,Industrial buyer,"Unit 1138 Box 2675
DPO AP 97905","Bautista, Barnes and Newton"
Jason Garcia,rgilbert@example.org,Metallurgist,"51585 Raymond Field Apt. 713
North Kristinbury, DC 74501",Jones PLC
Daniel Kane,kim90@example.com,Dance movement psychotherapist,"Unit 8421 Box 0205
DPO AE 77683",Smith-Baker
Jason Wilson,alvarezkimberly@example.net,"Therapist, horticultural","084 Schneider Burgs
South Melaniechester, TX 14651",Joseph-Wallace
Erica Hernandez,joshuaschultz@example.net,"Journalist, broadcasting","8961 Melissa Run Apt. 673
Morganmouth, MO 55025","Davis, Simmons and Ortega"
Christian Leblanc,davischristopher@example.com,Chief Operating Officer,"80988 Santiago Loop Suite 604
Michaelshire, NY 28385",Douglas and Sons
Hayley Hawkins,farmeraudrey@example.com,"Surveyor, mining","Unit 9980 Box 9402
DPO AA 92605",Dorsey-Bell
Charles Sandoval,thomascynthia@example.org,"Chemist, analytical","6752 Collins Islands
North Ericton, TX 11194",Ramos-Coleman
Jennifer Lewis,reeddaniel@example.net,"Therapist, horticultural","36900 Kevin Forest Apt. 445
North Tylerchester, HI 17433",Patel-Hall
Mary Gomez,chensley@example.com,Advertising account executive,"9696 Roberts Lodge
West Georgemouth, MP 90889",Davis-Richard
Kevin Warren,vharrell@example.com,Environmental consultant,"81883 Bell Viaduct
East Curtis, KS 26357",Morrison Ltd
Trevor Burton,wwebster@example.net,"Production assistant, radio","527 Taylor Roads Suite 490
Williamport, NH 59734",Brown LLC
Sean Wyatt,jford@example.net,Architectural technologist,"9782 Shannon Valleys
Toniland, NY 85190",Williams Ltd
Jeffrey Mills,michaelhardin@example.com,Osteopath,"515 Angela Lights
Johnathanberg, MA 11183","Alvarado, Rangel and Collins"
Mary Anderson,collinsnicholas@example.com,Conference centre manager,"685 Michael Falls
West Stacey, NM 25667",Cooke and Sons
Ryan Garcia,stanleynancy@example.net,"Conservator, museum/gallery","29270 Diaz Stravenue
South Cheryl, WV 98613",Young-Allen
Rachel Mckee,michealvalentine@example.com,"Psychologist, clinical","862 Laurie Dam Suite 075
Lake Meghanville, LA 11494",Nelson PLC
Jeffrey Potts,lisawilkerson@example.org,Patent examiner,"61530 Galvan Villages Suite 220
Samanthafort, UT 18692","Harrison, Gilbert and Bullock"
Daniel Hernandez,srodriguez@example.org,Illustrator,"9711 Carlson Brook
Lake Douglas, NE 00706","Gomez, Duncan and Lopez"
Kelly Ward,myerstheodore@example.net,Naval architect,"Unit 4051 Box 5319
DPO AP 99680",Anderson-Bell
Marvin Greer,epollard@example.net,"Education officer, environmental","704 Bradley Flats
West Sarahhaven, MO 71677",King-Mullins
Howard Norman,joshua56@example.com,Printmaker,"PSC 6527, Box 7584
APO AE 95801",Miller-Morrison
Kimberly Morris,murphykenneth@example.com,Toxicologist,"757 Jessica Knoll
Hillton, CA 88474","Sullivan, Palmer and Brady"
Andre Allison,ejohnson@example.org,Medical technical officer,"275 Wallace Club
New Michael, MD 85640",Wright-Wilson
Kathryn Hughes,greenjorge@example.com,"Engineer, site","Unit 4731 Box 2172
DPO AP 58842",Cochran LLC
Michelle Pierce,patricia22@example.com,Rural practice surveyor,"37058 Mcdonald Plaza
New Nicole, CA 41040",Key-Higgins
Patricia Morrow,martinezlogan@example.org,"Production assistant, television","89226 Marie Path Apt. 422
Sarahbury, MI 68513",Singleton-King
Krista Martinez,christina18@example.net,Dispensing optician,"99590 Christopher Row
Debrashire, MT 81517","Johnson, Small and Gardner"
Elizabeth Sanchez,eevans@example.net,Best boy,"7359 Larry Stravenue Suite 562
Zacharyville, MD 32186",Martinez-Cole
Anthony Dougherty,kwright@example.com,Technical brewer,"78774 Johnson Lock
Levyborough, OR 46755",Williams Group
Sarah Chambers,amanda16@example.org,"Geneticist, molecular","0609 Michael Heights Apt. 687
Marciaville, DC 13173",Brooks-Hatfield
Holly Thomas,cporter@example.org,"Copywriter, advertising","729 Mark Ridge Suite 269
Brittneyhaven, MP 67310","Burns, Hart and Wells"
Gary Rodriguez,ysilva@example.net,Aid worker,"993 Brandy Extension Suite 230
East Andrewmouth, MT 20349",Vaughn-Jenkins
Tami Salas,thorntonapril@example.net,"Journalist, broadcasting","Unit 7865 Box 2785
DPO AP 46938","Ingram, Le and Schneider"
Lisa Lee,joshuaevans@example.com,Homeopath,"7584 Martinez Springs Suite 652
Bobbyland, MI 58484","Scott, Mendoza and Harris"
Taylor Horton,danielyang@example.org,Financial manager,"301 Rivera Mountains
Lake Kellitown, OH 21202",Delgado-Gilmore
Matthew Avila,manuel01@example.net,"Teacher, secondary school","62067 Sharon Well
Nancytown, ME 74944","Rodriguez, Bird and Mitchell"
Kimberly Snyder DVM,znelson@example.org,Lawyer,"420 Gibbs Port Apt. 296
Robertsonland, MO 88221",Lopez and Sons
Timothy Smith,wyoung@example.com,Landscape architect,"5301 Parker Lodge
Hannahport, MN 81061",Robinson and Sons
Jesse Zhang,robert87@example.net,Engineering geologist,"785 Samantha Creek
Port Amyhaven, ID 75566","Hernandez, Murphy and Meyer"
Daniel Aguilar,nolansean@example.org,Professor Emeritus,"9087 Cummings Locks Suite 039
North Rodneyland, ND 08398",Andersen Group
Jason Mack,ybrooks@example.com,Multimedia programmer,"512 Rice Stream
Port Adam, AK 39608",Nunez-Stephens
Samantha Wright,eric31@example.org,Personnel officer,"31190 Harper Squares
East Joyfurt, NV 31216","Robinson, Shields and Brown"
Donna Cabrera,barbara53@example.com,Customer service manager,"Unit 8364 Box 4089
DPO AP 23456","Shelton, Peters and Williams"
Mason James,heather62@example.com,Mudlogger,"34270 Faulkner Point Apt. 634
West Deborah, NV 49138",Nichols and Sons
James Jacobs,russojacob@example.net,"Surveyor, land/geomatics","4033 Julie Throughway
Rochaborough, MO 31870","Morris, Campbell and Owens"
Elizabeth Ward,zowens@example.net,"Psychotherapist, child","55609 Joyce Brook Suite 899
Phillipsborough, MA 30650",Hudson-Sanchez
Terri Morgan,plevy@example.net,Recycling officer,"28728 Alexandria Villages Apt. 006
Port Crystal, CA 93191",Smith PLC
Antonio Little,bhopkins@example.org,Ship broker,"84840 Drake Fall
North Alicebury, ID 81736","King, Gomez and Norton"
Tyler Stevens,veronicaperez@example.net,Catering manager,"66687 Dana Squares
North Vincent, NE 85030",Knight-Hodge
Joseph Williams,rachelschwartz@example.net,Public relations officer,"489 Harry Vista
Alexisborough, OR 19400","Nicholson, Hickman and Evans"
Lacey Atkinson,patrick21@example.net,Logistics and distribution manager,"15999 Novak Islands Apt. 477
West Angela, MS 57104",Frazier Ltd
Raymond Phillips,jennifermiller@example.org,Museum/gallery conservator,"655 Christopher Inlet
Wardview, CT 17868",Lopez Group
Kayla Garcia,gomezchristopher@example.net,"Journalist, broadcasting","6618 Ashley Extension
Jacksonview, ME 35681",Thomas-Jackson
Elijah Patton,johnathan37@example.net,Warehouse manager,"40659 Brock Isle
Cookberg, ME 42531","Valentine, Harris and Edwards"
Tracy Carter,yfaulkner@example.org,"Journalist, magazine","1939 Erin Plaza Apt. 737
Marieland, GU 54128","Porter, Schultz and Allen"
Michelle Mccormick,colecarla@example.net,Oncologist,"058 Daniel Gateway Suite 290
Rasmussenmouth, WY 56921",Smith LLC
Paul Grant,seanmyers@example.net,Theatre stage manager,"0714 Knapp Corner
Port Sheliaberg, MI 41381",Gibson-Clark
Mr. Jeffrey Horton,carlos01@example.org,Lobbyist,"382 Mark Meadow
Hallfurt, SC 24677",Davidson Group
Omar Ware,yvargas@example.org,"Engineer, site","182 Nguyen Mount
West Emilyfort, NC 84270",Harper-Carr
